Customer_id,Customer_Gender
400,Male
401,Male
402,Male
403,Male
404,Male
405,Male
406,Male
407,Male
408,Male
409,Male
410,Male
411,Male
412,Male
413,Male
414,Male
415,Male
416,Male
417,Male
418,Male
419,Male
420,Male
755,Male
756,Male
757,Male
758,Male
759,Male
760,Male
761,Male
762,Male
763,Male
764,Male
765,Male
766,Male
767,Male
768,Male
769,Male
770,Male
771,Male
772,Male
773,Male
774,Male
775,Male
776,Male
777,Male
778,Male
779,Male
780,Male
781,Male
782,Male
783,Male
784,Male
785,Male
786,Male
787,Male
788,Male
789,Male
790,Male
791,Male
792,Male
793,Male
794,Male
795,Male
796,Male
797,Male
798,Male
799,Male
800,Male
801,Male
802,Male
803,Male
804,Male
805,Male
806,Male
807,Male
808,Male
809,Male
810,Male
811,Male
812,Male
813,Male
814,Male
815,Male
816,Male
817,Male
818,Male
819,Male
820,Male
821,Male
822,Male
823,Male
824,Male
825,Male
826,Male
827,Male
828,Male
829,Male
830,Male
831,Male
832,Male
833,Male
834,Male
835,Male
836,Male
837,Male
838,Male
839,Male
840,Male
995,Male
996,Male
997,Male
998,Male
999,Male
1000,Male
1001,Male
1002,Male
1003,Male
1004,Male
1005,Male
1006,Male
1007,Male
1008,Male
1009,Male
1010,Male
1011,Male
1012,Male
1013,Male
1014,Male
1015,Male
1016,Male
1017,Male
1018,Male
1019,Male
1020,Male
1021,Male
1022,Male
1023,Male
1024,Male
1025,Male
1026,Male
1027,Male
1028,Male
1029,Male
1030,Male
1031,Male
1032,Male
1033,Male
1034,Male
1035,Male
1036,Male
1037,Male
1038,Male
1039,Male
1040,Male
1041,Male
1042,Male
1043,Male
1044,Male
1045,Male
1046,Male
1047,Male
1048,Male
1049,Male
1050,Male
1051,Male
1052,Male
1053,Male
1054,Male
1055,Male
1056,Male
1057,Male
1058,Male
1059,Male
1060,Male
1061,Male
1062,Male
1063,Male
1064,Male
1065,Male
1066,Male
1067,Male
1068,Male
1069,Male
1070,Male
1071,Male
1072,Male
1073,Male
1074,Male
1075,Male
1076,Male
1077,Male
1078,Male
1079,Male
1080,Male
1081,Male
1082,Male
1083,Male
1084,Male
1085,Male
1086,Male
1087,Male
1088,Male
1089,Male
1090,Male
1091,Male
1092,Male
1093,Male
1094,Male
1095,Male
1096,Male
1097,Male
1098,Male
1099,Male
1100,Male
1101,Male
1102,Male
1103,Male
1104,Male
1105,Male
1106,Male
1107,Male
1108,Male
1109,Male
1110,Male
1111,Male
1112,Male
1113,Male
1114,Male
1115,Male
1116,Male
1117,Male
1118,Male
1119,Male
1120,Male
1121,Male
1122,Male
1123,Male
1124,Male
1125,Male
1126,Male
1127,Male
1128,Male
1129,Male
1130,Male
1131,Male
1132,Male
1133,Male
1134,Male
1135,Male
1136,Male
1137,Male
1138,Male
1139,Male
1140,Male
1141,Male
1142,Male
1143,Male
1144,Male
1145,Male
1146,Male
1147,Male
1148,Male
1149,Male
1150,Male
1151,Male
1152,Male
1153,Male
1154,Male
1155,Male
1156,Male
1157,Male
1158,Male
1159,Male
1160,Male
1161,Male
1162,Male
1163,Male
1164,Male
1165,Male
1166,Male
1167,Male
1168,Male
1169,Male
1170,Male
1171,Male
1172,Male
1173,Male
1174,Male
1175,Male
1176,Male
1177,Male
1178,Male
1179,Male
1180,Male
1181,Male
1182,Male
1183,Male
1184,Male
1185,Male
1186,Male
1187,Male
1188,Male
1189,Male
1190,Male
1191,Male
1192,Male
1193,Male
1194,Male
1195,Male
1196,Male
1197,Male
1198,Male
1199,Male
1200,Male
1201,Male
1202,Male
1203,Male
1204,Male
1205,Male
1206,Male
1207,Male
1208,Male
1209,Male
1210,Male
1211,Male
1212,Male
1213,Male
1214,Male
1215,Male
1216,Male
1217,Male
1218,Male
1219,Male
1220,Male
1221,Male
1222,Male
1223,Male
1224,Male
1225,Male
1226,Male
1227,Male
1228,Male
1229,Male
1230,Male
1231,Male
1232,Male
1233,Male
1234,Male
1235,Male
1236,Male
1237,Male
1238,Male
1239,Male
1240,Male
1241,Male
1242,Male
1243,Male
1244,Male
1245,Male
1246,Male
1247,Male
1248,Male
1249,Male
1250,Male
1251,Male
1252,Male
1253,Male
1254,Male
1255,Male
1256,Male
1257,Male
1258,Male
1259,Male
1260,Male
1261,Male
1262,Male
1263,Male
1264,Male
1265,Male
1266,Male
1267,Male
1268,Male
1269,Male
1270,Male
1271,Male
1272,Male
1273,Male
1274,Male
1275,Male
1276,Male
1277,Male
1278,Male
1279,Male
1280,Male
1281,Male
1282,Male
1283,Male
1284,Male
1285,Male
1286,Male
1287,Male
1288,Male
1289,Male
1290,Male
1291,Male
1292,Male
1293,Male
1294,Male
1295,Male
1296,Male
1297,Male
1298,Male
1299,Male
1300,Male
1301,Male
1302,Male
1303,Male
1304,Male
1305,Male
1306,Male
1307,Female
1308,Female
1309,Female
1310,Female
1311,Female
1312,Female
1313,Female
1314,Female
1315,Female
1316,Female
1317,Female
1318,Female
1319,Female
1320,Female
1321,Female
1322,Female
1323,Female
1324,Female
1325,Female
1326,Female
1327,Female
1328,Female
1329,Female
1330,Female
1331,Female
1332,Female
1333,Female
1334,Female
1335,Female
1336,Female
1337,Female
1338,Female
1339,Female
1340,Female
1341,Female
1342,Female
1343,Female
1344,Female
1345,Female
1346,Female
1347,Female
1348,Female
1349,Female
1350,Female
1351,Female
1352,Female
1353,Female
1354,Female
1355,Female
1356,Female
1357,Female
1358,Female
1359,Female
1360,Female
1361,Female
1362,Female
1363,Female
1364,Female
1365,Female
1366,Female
1367,Female
1368,Female
1369,Female
1370,Female
1371,Female
1372,Female
1373,Female
1374,Female
1375,Female
1376,Female
1377,Female
1378,Female
1379,Female
1380,Female
1381,Female
1382,Female
1383,Female
1384,Female
1385,Female
1386,Female
1387,Female
1388,Female
1389,Female
1390,Female
1391,Female
1392,Female
1393,Female
1394,Female
1395,Female
1396,Female
1397,Female
1398,Female
1399,Female
1400,Female
1401,Female
1402,Female
1403,Female
1404,Female
1405,Female
1406,Female
1407,Female
1408,Female
1409,Female
1410,Female
1411,Female
1412,Female
1413,Female
1414,Female
1415,Female
1416,Female
1417,Female
1418,Female
1419,Female
1420,Female
1421,Female
1422,Female
1423,Female
1424,Female
1425,Female
1426,Female
1427,Female
1428,Female
1429,Female
1430,Female
1431,Female
1432,Female
1433,Female
1434,Female
1435,Female
1436,Female
1437,Female
1438,Female
1439,Female
1440,Female
1441,Female
1442,Female
1443,Female
1444,Female
1445,Female
1446,Female
1447,Female
1448,Female
1449,Female
1450,Female
1451,Female
1452,Female
1453,Female
1454,Female
1455,Female
1456,Female
1457,Female
1458,Female
1459,Female
1460,Female
1461,Female
1462,Female
1463,Female
1464,Female
1465,Female
1466,Female
1467,Female
1468,Female
1469,Female
1470,Female
1471,Female
1472,Female
1473,Female
1474,Female
1475,Female
1476,Female
1477,Female
1478,Female
1479,Female
1480,Female
1481,Female
1482,Female
1483,Female
1484,Female
1485,Female
1486,Female
1487,Female
1488,Female
1489,Female
1490,Female
1491,Female
1492,Female
1493,Female
1494,Female
1495,Female
1496,Female
1497,Female
1498,Female
1499,Female
1500,Female
1501,Female
1502,Female
1503,Female
1504,Female
1505,Female
1506,Female
1507,Female
1508,Female
1509,Female
1510,Female
1511,Female
1512,Female
1513,Female
1514,Female
1515,Female
1516,Female
1517,Female
1518,Female
1519,Female
1520,Female
1521,Female
1522,Female
1523,Female
1524,Female
1525,Female
1526,Female
1527,Female
1528,Female
1529,Female
1530,Female
1531,Female
1532,Female
1533,Female
1534,Female
1535,Female
1536,Female
1537,Female
1538,Female
1539,Female
1540,Female
1541,Female
1542,Female
1543,Female
1544,Female
1545,Female
1546,Female
1547,Female
1548,Female
1549,Female
1550,Female
1551,Female
1552,Female
1553,Female
1554,Female
1555,Female
1556,Female
1557,Female
1558,Female
1559,Female
1560,Female
1561,Female
1562,Female
1563,Female
1564,Female
1565,Female
1566,Female
1567,Female
1568,Female
1569,Female
1570,Female
1571,Female
1572,Female
1573,Female
1574,Female
1575,Female
1576,Female
1577,Female
1578,Female
1579,Female
1580,Female
1581,Female
1582,Female
1583,Female
1584,Female
1585,Female
1586,Female
1587,Female
1588,Female
1589,Female
1590,Female
1591,Female
1592,Female
1593,Female
1594,Female
1595,Female
1596,Female
1597,Female
1598,Female
1599,Female